gain_mc_arr,bw_mc_arr
1.008539999999999992e+00,2.098200000000000000e+08
9.936070000000000180e-01,2.082390000000000000e+08
9.823479999999999990e-01,2.056830000000000000e+08
1.002699999999999925e+00,1.955900000000000000e+08
1.011900000000000022e+00,2.043260000000000000e+08
1.022340000000000027e+00,2.107450000000000000e+08
1.002639999999999976e+00,2.087990000000000000e+08
1.011530000000000040e+00,2.079520000000000000e+08
1.013099999999999890e+00,2.134420000000000000e+08
1.017549999999999955e+00,1.959580000000000000e+08
1.000490000000000101e+00,2.002640000000000000e+08
1.004610000000000003e+00,2.069680000000000000e+08
9.898780000000000356e-01,2.014540000000000000e+08
1.010059999999999958e+00,2.143550000000000000e+08
1.006529999999999925e+00,2.055320000000000000e+08
1.005169999999999897e+00,2.042400000000000000e+08
9.807960000000000012e-01,2.109780000000000000e+08
1.000159999999999938e+00,2.082400000000000000e+08
9.931020000000000403e-01,2.061720000000000000e+08
9.927960000000000118e-01,2.080390000000000000e+08
1.009549999999999947e+00,2.137400000000000000e+08
1.000909999999999966e+00,2.063810000000000000e+08
1.020850000000000035e+00,2.106090000000000000e+08
9.870360000000000245e-01,2.034140000000000000e+08
9.990510000000000224e-01,2.068330000000000000e+08
9.932760000000000478e-01,2.078460000000000000e+08
1.011660000000000004e+00,2.098200000000000000e+08
1.002639999999999976e+00,2.106540000000000000e+08
1.007179999999999964e+00,2.081900000000000000e+08
1.012869999999999937e+00,2.158930000000000000e+08
9.902630000000000043e-01,2.096180000000000000e+08
9.982680000000000442e-01,2.129600000000000000e+08
9.958519999999999595e-01,2.077170000000000000e+08
1.015570000000000084e+00,2.067000000000000000e+08
1.003330000000000055e+00,2.080830000000000000e+08
1.008369999999999989e+00,2.009140000000000000e+08
1.010569999999999968e+00,1.973860000000000000e+08
9.953490000000000393e-01,2.057290000000000000e+08
9.798620000000000108e-01,2.079960000000000000e+08
1.006129999999999969e+00,2.049030000000000000e+08
9.947430000000000438e-01,2.047320000000000000e+08
1.013149999999999995e+00,2.062030000000000000e+08
1.013360000000000039e+00,2.073030000000000000e+08
1.015589999999999993e+00,2.125300000000000000e+08
1.011840000000000073e+00,2.100140000000000000e+08
9.947359999999999536e-01,2.050650000000000000e+08
9.937770000000000215e-01,2.123460000000000000e+08
1.002340000000000009e+00,2.063290000000000000e+08
9.806930000000000369e-01,2.040230000000000000e+08
1.012140000000000040e+00,2.108540000000000000e+08
9.949329999999999563e-01,1.997190000000000000e+08
1.018070000000000030e+00,2.058250000000000000e+08
1.013249999999999984e+00,2.091400000000000000e+08
9.935709999999999820e-01,2.036800000000000000e+08
1.004879999999999995e+00,2.046980000000000000e+08
9.953929999999999723e-01,2.082090000000000000e+08
9.786920000000000064e-01,2.052350000000000000e+08
9.922590000000000021e-01,2.029020000000000000e+08
1.006920000000000037e+00,2.104260000000000000e+08
1.008229999999999960e+00,2.078270000000000000e+08
9.982779999999999987e-01,2.096160000000000000e+08
1.011660000000000004e+00,2.091020000000000000e+08
9.987369999999999859e-01,2.042820000000000000e+08
1.008369999999999989e+00,2.083330000000000000e+08
1.001609999999999889e+00,2.103970000000000000e+08
1.013619999999999965e+00,2.073540000000000000e+08
1.006050000000000111e+00,2.110180000000000000e+08
9.912189999999999612e-01,2.059450000000000000e+08
1.027760000000000007e+00,2.079610000000000000e+08
1.003169999999999895e+00,2.070950000000000000e+08
1.009609999999999896e+00,2.129160000000000000e+08
9.870510000000000117e-01,2.039760000000000000e+08
1.015619999999999967e+00,2.069730000000000000e+08
9.917449999999999877e-01,2.094560000000000000e+08
1.012440000000000007e+00,2.086350000000000000e+08
1.007489999999999997e+00,2.098330000000000000e+08
1.000429999999999930e+00,2.102910000000000000e+08
9.931910000000000460e-01,2.007680000000000000e+08
9.989339999999999886e-01,2.048850000000000000e+08
1.012539999999999996e+00,1.955980000000000000e+08
9.961590000000000167e-01,2.116910000000000000e+08
1.005349999999999966e+00,2.050610000000000000e+08
9.910240000000000160e-01,2.051410000000000000e+08
1.012019999999999920e+00,2.101290000000000000e+08
1.020829999999999904e+00,2.078420000000000000e+08
9.954420000000000490e-01,2.018960000000000000e+08
9.955079999999999485e-01,2.113200000000000000e+08
1.007789999999999964e+00,2.124590000000000000e+08
9.894619999999999527e-01,2.124160000000000000e+08
1.018869999999999942e+00,2.022540000000000000e+08
9.943020000000000191e-01,2.045310000000000000e+08
1.003339999999999899e+00,2.116540000000000000e+08
1.004359999999999919e+00,2.110440000000000000e+08
1.000599999999999934e+00,2.132640000000000000e+08
9.994729999999999448e-01,2.070760000000000000e+08
9.994290000000000118e-01,2.085240000000000000e+08
1.005220000000000002e+00,2.096300000000000000e+08
1.002769999999999939e+00,2.083500000000000000e+08
1.016420000000000101e+00,2.065890000000000000e+08
1.003509999999999902e+00,2.109370000000000000e+08
